0,1,2,3,4,5,6,7,8,9,10,11,12,13,14,15,16,17,18,19,20
-12.808592824080677,-16.509828846645647,-16.09097660639509,-14.573936336802667,-14.467728831551373,-16.151886946680776,-14.821499234468407,-15.201894915559517,-15.417072049329992,-16.53757466975265,-14.644630543631235,-14.916608710342198,-16.555760752727643,-15.418929562737725,-13.908773436333009,-16.79727538789286,-16.581072710262145,-14.840337566784338,-15.654857419593364,-16.919754595947502,-15.782267577830327
-12.513253776956768,-15.767083309988937,-15.082125087742755,-14.079270439720053,-14.04483702250205,-15.5814071826436,-14.463943856423445,-14.601644705799394,-14.681345686457277,-15.969425244756065,-14.479768473456652,-14.340403204514265,-16.130106758907363,-14.990463369548483,-13.891533021157954,-16.347135733963984,-16.126049699520706,-14.758723037859998,-15.424902891758322,-16.513599041484508,-15.49850487005809
-12.217914986787964,-15.024338279470124,-14.073275192603347,-13.584604817102832,-13.621945475579453,-15.010928010096663,-14.106388851133666,-14.001395007022376,-13.945620848589765,-15.401276124215201,-14.314906628802072,-13.764198337949185,-15.704453126490595,-14.56199742898536,-13.874292729875494,-15.896996373230115,-15.671026943847194,-14.677108610276397,-15.194948568581154,-16.107443692994472,-15.214742329996827
-11.922882878504348,-14.282247678759708,-13.067182944830758,-13.090278316235676,-13.19937373343801,-14.44105012051181,-13.749283487600822,-13.401788761755707,-13.211678957517396,-14.83350817427665,-14.150308145500611,-13.188794935711588,-15.279240623395792,-14.133840000943536,-13.857193713000504,-15.447216435253736,-15.216317140587464,-14.595610936599547,-14.9652358362298,-15.701538899550942,-14.931179568562746
-11.630775110836119,-13.547268773021425,-12.092597602595157,-12.599373839246262,-12.779962262960899,-13.877661566657883,-13.396539562368899,-12.808788711461167,-12.494563655058249,-14.269672359590642,-13.98813560297157,-12.621383929323937,-14.858389314668193,-13.708736170193506,-13.841348966595781,-15.001016263651774,-14.764696402992763,-14.515166361228664,-14.737786726489407,-15.29809832221916,-14.6495159046071
-11.34850778649484,-12.839217830952595,-11.2302391569467,-12.120899940937308,-12.371707720848379,-13.335433028523358,-13.058695651698729,-12.239209200336289,-11.833282206207917,-13.720524086131192,-13.83376780238843,-12.0815769203283,-14.452416080917468,-13.294424900499218,-13.829355742716078,-14.567587058498667,-14.323391574247108,-14.438020561948893,-14.517783001125215,-14.903302488988544,-14.374218669827378
-11.08849546820781,-12.195532504004419,-10.562192032794426,-11.673238928115437,-11.990133870523623,-12.838239448316607,-12.752859646723278,-11.72677094294377,-11.29600462864736,-13.208210630751678,-13.696305744511417,-11.606511863695612,-14.07846923956957,-12.905714424626591,-13.825336198841283,-14.164878670868994,-13.90532576519448,-14.367854783656364,-14.314390445962955,-14.528943060373573,-14.113422705170619
-10.869591262125448,-11.657500838894574,-10.155571042782581,-11.286716087288127,-11.658677532155131,-12.418141590627064,-12.497181731157758,-11.31904106152844,-10.944559628974364,-12.768193028240216,-13.588451943894855,-11.247078110400212,-13.759157100696322,-12.566213225927578,-13.834542398389546,-13.819936088841368,-13.528461529492018,-14.30989885363485,-14.141182891240035,-14.194034594079037,-13.879226666793913
-10.715597496545042,-11.257519094168025,-10.036435001975496,-11.000799253645175,-11.406223320071993,-12.108022578294216,-12.306512542012513,-11.04920113964374,-10.792448348270316,-12.431792865586155,-13.522398887329585,-11.044181034041284,-13.515616122279532,-12.302965839463424,-13.860513029902162,-13.566733778525652,-13.215966265284592,-14.270926960048941,-14.014527177029493,-13.926572448006906,-13.686948455839806
-10.64660460229342,-11.006701514325723,-10.167229655124343,-10.840818259983882,-11.26042326805195,-11.921795465771275,-12.190997895912727,-10.910998727612819,-10.793252517909771,-12.200686452814217,-13.503984567697817,-11.004042310414883,-13.35459480404527,-12.133048535207434,-13.90435135786356,-13.423521905238937,-12.993813141936855,-14.258276118523415,-13.94913710224418,-13.752169790709496,-13.548636209811832
-10.670972269448972,-10.87480210300401,-10.41291416629748,-10.804323543186783,-11.239394379138856,-11.837964865435936,-12.151257832470595,-10.874069345986593,-10.878315596572714,-12.064509991335278,-13.532493114941966,-11.100662276313752,-13.264195884591063,-12.056394340930396,-13.967036577154257,-13.38720464904484,-12.878157798886326,-14.27705563255716,-13.950900027275035,-13.676745215077029,-13.472461095842343
-10.781716791084769,-10.831300277266847,-10.63755956167569,-10.875020424524541,-11.333723423571392,-11.819662526806225,-12.179086759712924,-10.908453958349263,-10.996977107132988,-12.021354203919714,-13.603156747784938,-11.285756094183691,-13.220426725320655,-12.057390993102858,-14.048774630705344,-13.440344412159678,-12.861490499208495,-14.328487563647563,-14.01456925858982,-13.694126257163788,-13.463597802139533
-10.961367542342927,-10.885540047578699,-10.823855122688991,-11.034888646478374,-11.524229674076128,-11.84279041663614,-12.266250358603447,-10.992350996809677,-11.150011910934452,-12.065990236210395,-13.708759874972976,-11.522905303507722,-13.202032845097035,-12.117163326838462,-14.149235018926655,-13.56617143418407,-12.92712846258709,-14.411645564715016,-14.130009057554561,-13.79323270032944,-13.519374914401599
-11.19200501534041,-11.029035029050998,-11.008705293566521,-11.269226529203703,-11.792402884369602,-11.904969212173105,-12.40507040043352,-11.126649340602103,-11.338970304291381,-12.184947023157493,-13.843537912878771,-11.799484587631657,-13.195744178796918,-12.215691937257835,-14.267588646433518,-13.750737140797499,-13.05913719004604,-14.522874723971649,-14.2879350410026,-13.95710321801302,-13.631820808662212
-11.458417109650158,-11.234821767441366,-11.18412643216543,-11.560507740196321,-12.118954961005628,-12.011342930696323,-12.590394654957954,-11.3054070461906,-11.558302262277321,-12.363965095721253,-14.002347842975102,-12.104968323873106,-13.197829303906719,-12.338642116926916,-14.401947716856489,-13.97612019484948,-13.242230190967488,-14.656401110913217,-14.480808820749838,-14.169505244878067,-13.794128891518412
-11.748873951895943,-11.463716408432024,-11.337430923237337,-11.890959749375082,-12.485632273122064,-12.164807388840602,-12.814796031496469,-11.50013270616581,-11.79660804338853,-12.584393613216212,-14.180065955090889,-12.431688581455525,-13.221853365583216,-12.476773778605098,-14.548654013119164,-14.22453013429909,-13.450701451204463,-14.806578904886596,-14.702372189611442,-14.416213390631684,-13.996374104183397
-12.052427619320223,-11.673773461089088,-11.523432946481927,-12.245433862256808,-12.877303639817058,-12.348964068416006,-13.066662533190254,-11.691051133078703,-12.049532827322848,-12.825645390540519,-14.371351843621705,-12.778430593062748,-13.27677800453885,-12.62302441980062,-14.703847937415237,-14.483272655293133,-13.663651966417158,-14.968487289605319,-14.945565289391388,-14.685834646870836,-14.225171199462736
-12.360434509005085,-11.86381099077961,-11.759634048257642,-12.612707649543534,-13.280167117983833,-12.562808417657408,-13.334301706709883,-11.873267159358285,-12.316287106543715,-13.07355452477521,-14.571007774680174,-13.143339223423546,-13.349487202496453,-12.77468059620151,-14.863740342799181,-14.74616216283882,-13.871119868647838,-15.13795708297819,-15.204325573255854,-14.969629844449154,-14.469181350275052
-12.66706326413746,-12.068086851850044,-12.020511034837785,-12.985725369596741,-13.682170231823985,-12.81010723955303,-13.610086280866714,-12.054025772686861,-12.58741697430219,-13.315001722253056,-14.774782233653193,-13.521649141254152,-13.440748333792673,-12.928559713096586,-15.024964655966038,-15.005281356057377,-14.071006909901678,-15.31047746298302,-15.472947531872169,-15.259427258083585,-14.72147058019865
-12.967199290003682,-12.303402354442145,-12.282564997635983,-13.3582865859339,-14.07487925004749,-13.080410395876527,-13.88964222615013,-12.243307389609322,-12.853407511744642,-13.54267326559386,-14.978989084758936,-13.90672036167332,-13.55678073145831,-13.080345372226985,-15.184706328178509,-15.256839756569217,-14.266203994990038,-15.481864181119999,-15.745111805104216,-15.547658815587672,-14.975828325324294
-13.25641477201897,-12.551027780682206,-12.522825341614167,-13.725507743591443,-14.452399796101401,-13.354662120781937,-14.171010829480446,-12.446266695093856,-13.110726850757139,-13.756943951316282,-15.180471038565829,-14.291512991947444,-13.69904332798965,-13.231089854502542,-15.340621251325828,-15.50070158418291,-14.461684808559898,-15.648581111877798,-16.015154094391153,-15.828672376737622,-15.226364028413457
-13.531705923959674,-12.79394389451804,-12.739036378791623,-14.0828627120858,-14.810824772861093,-13.61711150134528,-14.451644435797943,-12.665611803201292,-13.35990251161347,-13.963319106724349,-15.376469638137863,-14.669378190180343,-13.867071054736602,-13.387616450763003,-15.490766564749975,-15.738967066459345,-14.66182633771681,-15.807641632834498,-16.278354495495094,-16.09886393800036,-15.467392323978183
-13.791214595429734,-13.033631343762622,-12.93805917504216,-14.42562768993438,-15.147683701369704,-13.859532628818084,-14.728864226353325,-12.903953355803514,-13.603236369733583,-14.167064639718587,-15.564470748539518,-15.03551712977887,-14.0577112846467,-13.561452890504443,-15.633494471123997,-15.97345636083354,-14.87010341744189,-15.956524551391587,-16.530464546277226,-16.355141678439296,-15.694173343373505
-14.033624467833274,-13.279579873949498,-13.135220311492526,-14.749833677401051,-15.46097036476899,-14.07998152777857,-14.999716304814426,-13.163337625026934,-13.834996440089366,-14.368417329991537,-15.742654937889435,-15.386221800863424,-14.271155205034031,-13.763866635823659,-15.766880989270954,-16.20144066865785,-15.08491955867741,-16.093105811152025,-16.76783695690134,-16.594481962068865,-15.902956714741386
-14.257688732909715,-13.535847757682149,-13.342862763558777,-15.0525200309428,-15.749020183371986,-14.276448095484714,-15.260241049273626,-13.440449817493747,-14.047491362652472,-14.565561265276529,-15.909935953268256,-15.717259077534324,-14.509933399879149,-13.990897727127251,-15.888885170672665,-16.41667582102767,-15.300578235480495,-16.215603610733748,-16.987495504079092,-16.813680974124146,-16.091099736002086
-14.46241890219408,-13.802265886777377,-13.56208092651331,-15.33127792068754,-16.010209369855964,-14.447728286304727,-15.50624555068667,-13.730953923288677,-14.235933189135137,-14.757162976110399,-16.065268459188413,-16.024529850726307,-14.762525530954456,-14.230343404340248,-15.99768405861387,-16.613083734394884,-15.510963106919279,-16.322534710124547,-17.186993728591318,-17.0097038053226,-16.25635898654941
-14.645976161363448,-14.07768884675491,-13.7866595052414,-15.583448145478473,-16.24285064633839,-14.590531016691655,-15.734197607852517,-14.023972913997667,-14.393381859743455,-14.94241986479023,-16.20724734902329,-16.304430938493958,-15.012913355492314,-14.472397137010606,-16.091653359801594,-16.78601707091167,-15.709445858715657,-16.412679981021906,-17.364310225974357,-17.18028205394497,-16.397151480225816
-14.806342327514981,-14.356606508332785,-14.013322938522373,-15.806654996258342,-16.445548174856473,-14.706718440614312,-15.940760512310975,-14.30540438293207,-14.509009249864013,-15.122114803345688,-16.333604626916493,-16.55418843797538,-15.248101978326192,-14.709662726855509,-16.169346971051304,-16.932523745184874,-15.889716739535602,-16.485057583144037,-17.517771519839233,-17.323760766641055,-16.512600426903617
-14.941781101645415,-14.630906099497224,-14.245730367303219,-15.999003256852992,-16.61715123478289,-14.800916978562553,-16.123079066830584,-14.564622146361605,-14.571236540243206,-15.298245894397652,-16.44153427749288,-16.771692820563953,-15.460177108014726,-14.936125344418913,-16.229480997555935,-17.050661402119363,-16.046830783637137,-16.538902468884853,-17.645995296841964,-17.438295394040527,-16.601921912266548
-15.050798637916705,-14.892796521307144,-14.48393785072142,-16.158983784890957,-16.756708913241436,-14.876364254709543,-16.27904091040441,-14.795677452081902,-14.57217059796335,-15.470181490420858,-16.528505452229762,-16.955351123197204,-15.645428499071324,-15.147550065302623,-16.270921626329784,-17.13940798366994,-16.177336337218005,-16.573651210111485,-17.747848786085015,-17.522176412267836,-16.664055435983954
-15.132112693042984,-15.137064460923291,-14.721314819968494,-16.28540547087057,-16.86343834647631,-14.935050630755539,-16.407163052224192,-14.99572669948265,-14.513050483842507,-15.635011339319979,-16.59231786280037,-17.103985197469957,-15.803445232364629,-15.341250783107219,-16.29267636942686,-17.198912717937937,-16.279170619316616,-16.588931400377255,-17.82241856900445,-17.573712364630655,-16.697932504107655
-15.184630665711508,-15.359613680363479,-14.945457170814274,-16.37734785096883,-16.936702647102884,-14.98046547784659,-16.506500496675958,-15.161414947874672,-14.403565225930482,-15.787799611822201,-16.63107427747473,-17.216761518996787,-15.934967286480406,-15.513908712015649,-16.293888336315614,-17.23004705202656,-16.351038755347155,-16.58443425238796,-17.86898921763621,-17.59170249844076,-16.702946290535124
-15.207434716361918,-15.557629237199688,-15.141137460759097,-16.434128696404866,-16.975995999249943,-15.01496351505348,-16.576581124921617,-15.289075189113097,-14.258868400628097,-15.922996429234857,-16.64316182240938,-17.293143148764702,-16.039604358735012,-15.661781565997318,-16.273833334744058,-17.23362283079796,-16.392637636627054,-16.55937579255039,-17.887028985081546,-17.575551770164218,-16.678959437203385
-15.199772791958605,-15.729046695470167,-15.302248023686145,-16.455282903021093,-16.98093431882658,-15.038074356613308,-16.61736063375036,-15.376334171977264,-14.100637572575993,-16.036035582149367,-16.627241229131112,-17.332857788292934,-16.114468030806968,-15.780780699714574,-16.231919741245807,-17.210877612240406,-16.403730945952127,-16.51293251198524,-17.876181401636778,-17.52526004483537,-16.625933159975485
-15.16105489210432,-15.8723787710523,-15.430194616394363,-16.440550400067657,-16.95125052544909,-15.048532385861693,-16.62903780779635,-15.42188537677833,-13.960678942585988,-16.12210884872019,-16.58224363974661,-17.33587811140234,-16.15624088206706,-15.866636875243845,-16.167691233209645,-17.163274556462472,-16.38376444594153,-16.44446799999172,-17.83626213201667,-17.44135206769889,-16.543743452924236
-15.09085436112887,-15.985065103202095,-15.522773817263438,-16.389871825234334,-16.886793970020854,-15.047780178803961,-16.611476938544627,-15.424844275560362,-13.885142478524239,-16.17634984573935,-16.507375087977188,-17.30241211289177,-16.162764237033144,-15.915884904004718,-16.080832645925202,-17.09106387048597,-16.3324157914577,-16.353542129892077,-17.767260882089147,-17.32436426837006,-16.43273047825549
-14.98891443037509,-16.063977089589994,-15.578509070902221,-16.303391544122128,-16.787533990534943,-15.036687410169911,-16.563768362525582,-15.38508764569192,-13.928726309714476,-16.195260492188307,-16.40212935689905,-17.232902373864537,-16.132425959575738,-15.92593691492438,-15.971179425495418,-16.993540946330175,-16.25010414299105,-16.239925106986295,-17.66934855848568,-17.175214100319312,-16.293790629751825
-14.855160724436292,-16.10589465655,-15.599901458208654,-16.181468361182585,-16.653567998415248,-15.014050323937484,-16.48445406051658,-15.303844194073037,-14.077365617035573,-16.176293505131216,-16.26631063677009,-17.128034107342657,-16.06376211675671,-15.895040406486693,-15.838731413091546,-16.8701813310282,-16.13845645851732,-16.103617665454884,-17.54289033197975,-16.994836433338797,-16.128442304587626
-14.689721059938062,-16.107404388674137,-15.588455304738131,-16.024695103618896,-16.485135002870198,-14.980064864767291,-16.372437871473455,-15.18287609106382,-14.27481278661913,-16.11767648513509,-16.10006836910812,-16.9887527798836,-15.955772402516851,-15.822270273647598,-15.683672050426399,-16.721376826986397,-16.000316993448795,-15.944879029018674,-17.388465796342867,-16.78394747023246,-15.938919148778455
-14.492954701184988,-16.065566525581925,-15.545431393178568,-15.833929294026055,-16.28263614867418,-14.932454366766018,-16.227061232797475,-15.02502895954313,-14.478352708063516,-16.01868056712881,-15.903948001205793,-16.81629314875378,-15.807312963567492,-15.707555406554038,-15.506394579240284,-16.546508689128373,-15.840154033285582,-15.764264938036046,-17.20689811680881,-16.544245128539803,-15.728298791621702
-14.265494444868088,-15.977459536771304,-15.473475070226653,-15.610338548141339,-16.04666480592788,-14.867421505428124,-16.047914393365193,-14.83501381392713,-14.656567840914372,-15.87887797961397,-15.678935518097065,-16.61208449959266,-15.618562357726386,-15.551744115779703,-15.307537482809098,-16.344004994716464,-15.663353026155589,-15.562679002830292,-16.99926724092739,-16.278236696606275,-15.500410230541911
-14.00830671218269,-15.8392100491061,-15.371608819840604,-15.35546640228601,-15.778050209910406,-14.782522331333016,-15.834506276800326,-14.617268596256514,-14.787313497608602,-15.698041429202103,-15.426077658397475,-16.37725713020269,-15.392097277230665,-15.35671724013994,-15.088032370262018,-16.112312097569237,-15.473119957819703,-15.341441976230962,-16.766484812887036,-15.988389800308566,-15.258997135527261
-13.722777585438669,-15.64665940308011,-15.234262706004376,-15.071327385276192,-15.477920931319336,-14.675540721257514,-15.586919257748832,-14.37453840499401,-14.855136574607322,-15.47493452394757,-15.146688442493579,-16.112704277649364,-15.132918596269183,-15.125479412569772,-14.849168854984525,-15.8498418723624,-15.269440209231853,-15.102385386651275,-16.50943649496983,-15.67834372811994,-15.006790423222952
-13.410836990047112,-15.397833702793264,-15.055380628131044,-14.760544897954794,-15.147798098111343,-14.542935005544228,-15.305988110969691,-14.10891851427305,-14.85025715108895,-15.207736081287509,-14.842592296171114,-15.819505954276616,-14.848223124629694,-14.861686289543782,-14.592682889267955,-15.555156476692735,-15.051341254224814,-14.847978499916465,-16.229525156657573,-15.351303919986064,-14.746650390181966
-13.075139827040699,-15.0926861132396,-14.82575944330996,-14.426552657829681,-14.789734165467832,-14.378850714903136,-14.992991999434054,-13.819961777458827,-14.76590687917615,-14.896475926417382,-14.514945626307167,-15.499488023622803,-14.546315491818977,-14.569078482129742,-14.320874555540286,-15.22740561869236,-14.816510642943516,-14.581497793986287,-15.928810542999898,-15.00915223381824,-14.481692748379288
-12.719333044472592,-14.73155339536722,-14.532778778772862,-14.073687108249606,-14.40652257798453,-14.178213263169308,-14.650050631903792,-13.50589474120194,-14.598536566460188,-14.542083602983617,-14.16503448009312,-15.15498992247174,-14.235259173097003,-14.251054613981594,-14.03645180931239,-14.868058845945793,-14.560703148778913,-14.306934724974155,-15.609357387440735,-14.652168321757978,-14.213112576393945
-12.34845302475779,-14.31632262165116,-14.163902676259681,-13.7071706126908,-14.002019140825839,-13.939519407706248,-14.27992335092586,-13.165300629612796,-14.350441339765116,-14.145008059278776,-13.796156612083887,-14.789124085178097,-13.921507046851415,-13.911258152438137,-13.742260644132047,-14.482138805072259,-14.280112491363425,-14.028026492895176,-15.273314048141613,-14.281676846202885,-13.94108598405902
-11.969519970724996,-13.853036829942777,-13.717065195466835,-13.334154915548014,-13.581614491068253,-13.664085036170318,-13.88590716805396,-12.80135622577921,-14.0300015921043,-13.710406657345793,-13.413920426324761,-14.405791296697702,-13.606166198544775,-13.554826583008984,-13.441637514386128,-14.08048842127177,-13.974599416642212,-13.746949120430905,-14.923193556866865,-13.900047966958025,-13.666942910043065
-11.592425675740715,-13.353662776894305,-13.212265124369187,-12.962399329033126,-13.152536571698164,-13.357442111536718,-13.473607643231365,-12.42594345273647,-13.652808283151515,-13.250270742588576,-13.026295257481108,-14.011593100343271,-13.289201691781368,-13.189307589986603,-13.13890811272162,-13.678947842122199,-13.648046839897026,-13.466124785657964,-14.562162982563859,-13.51268827579932,-13.393372692601588
-11.231212339909607,-12.837469235317768,-12.67645994395841,-12.598016837263968,-12.724846770356892,-13.029659751569563,-13.05118161260839,-12.061187838171774,-13.241987547597313,-12.785203524797906,-12.64531085765524,-13.61666565395952,-12.975433958367955,-12.827002948637762,-12.840389454026067,-13.296451450219141,-13.305536519058144,-13.188896349685225,-14.195947368991463,-13.12954125710665,-13.126042835690457
-10.904077247482613,-12.332932559099214,-12.14764317733894,-12.248230859126213,-12.312077543205708,-12.688566831156592,-12.628198818571052,-11.732237147776688,-12.823119645051767,-12.338587985603201,-12.288173940233184,-13.233276783461957,-12.674024337982516,-12.484711146429989,-12.555247585308091,-12.944793852254877,-12.959717915290131,-12.919887986599951,-13.834335895568614,-12.762149251911708,-12.875086835262215
-10.630363532407797,-11.870150033207254,-11.676855278032443,-11.922473894404453,-11.931107150257972,-12.343903150189238,-12.216803323629403,-11.461757456164616,-12.422810339636456,-11.934129502990565,-11.974427497604712,-12.875826219697355,-12.39588082352304,-12.174968060769686,-12.294060061501966,-12.62984292677293,-12.62569791877182,-12.665071116232117,-13.490075194458733,-12.423122796597404,-12.651019662097692
-10.426151923967737,-11.477131838242915,-11.319029706077925,-11.631612641514366,-11.59884237631579,-12.014029035376058,-11.830558160530998,-11.271482274801588,-12.066098009698381,-11.601972352966651,-11.722307215620356,-12.55903933648336,-12.151510112246717,-11.908361234077518,-12.065515576022593,-12.35106699708962,-12.318901306083934,-12.432637891405506,-13.178128077409989,-12.131537786039827,-12.457683692212997
-10.301364808075762,-11.184813164900234,-11.08809301303756,-11.388110360841074,-11.33322853212097,-11.717332213957803,-11.482489017678844,-11.17120747559308,-11.770231534978182,-11.366875037159001,-11.54209791822751,-12.298044698238124,-11.949392320186583,-11.699020405245857,-11.87791713133273,-12.108885482188757,-12.057167306059489,-12.23156024052384,-12.913557117396774,-11.905412703159113,-12.301235263822798
-10.256277518462145,-10.998000452046734,-10.963584194238162,-11.200907584527874,-11.149619295813881,-11.473279037441383,-11.181013410127601,-11.14576002587265,-11.543308357720345,-11.234764101298644,-11.435909744154776,-12.101814031247187,-11.807967291103779,-11.556437431631421,-11.73693706694319,-11.913140818159253,-11.85220614853679,-12.07169797410835,-12.708307988544407,-11.75767872818356,-12.183974592454073
-10.282646894297013,-10.908317029755727,-10.91610581769673,-11.065454568471575,-11.050864463150457,-11.287759701483823,-10.938430464554811,-11.165502657790812,-11.378125466415145,-11.194187792361113,-11.399614037443145,-11.969236291043462,-11.738547797243035,-11.48748524004669,-11.643964261103227,-11.771750924014514,-11.708368779550376,-11.960905727091493,-12.570951851444233,-11.699653652955991,-12.101250014347068
-10.36616619362467,-10.905376436798315,-10.935454296900103,-10.973112393456232,-11.024324662817182,-11.151290942366996,-10.767205660275323,-11.210562229628163,-11.260135093132536,-11.230504113972954,-11.421394780463707,-11.892019943094594,-11.726460377849955,-11.48810149132442,-11.595026290013378,-11.699412370107092,-11.633521712031076,-11.899681927797065,-12.502973249971099,-11.730691646156645,-12.044970482074067
-10.49239159658093,-10.967579291552797,-11.063393570185193,-10.915364958917683,-11.050347366584402,-11.046919770491549,-10.671817315828424,-11.272836387925409,-11.17981963235203,-11.31042313939845,-11.48826913074034,-11.857758378820924,-11.739979964789125,-11.538088098361392,-11.58395132537693,-11.703077317237197,-11.617995907675136,-11.881203522509987,-12.500569937254543,-11.826366249745712,-12.011929348411265
-10.649277127419932,-11.064514310004498,-11.288739346845126,-10.886538162881031,-11.116396874212752,-10.967897751485138,-10.651518092228146,-11.357632398964165,-11.135652602928165,-11.407058142192342,-11.587099537476114,-11.851514394726832,-11.75370176305972,-11.618126508031617,-11.601627581079411,-11.77805842960482,-11.647650877022429,-11.898756808859032,-12.550907215700848,-11.948184076755712,-12.007438978257154
-10.826982003182396,-11.201726725292536,-11.52537767621692,-10.887526154931344,-11.213043556856526,-10.909783455096386,-10.68671396274083,-11.460198610738324,-11.120113453056712,-11.530839438164072,-11.704927176225251,-11.858753743146488,-11.771190879208845,-11.710525524191995,-11.637878808336787,-11.902821081544165,-11.71011759688343,-11.944786579290112,-12.634012308162,-12.06121002603182,-12.021905058693426
-11.016430946824313,-11.387574857987648,-11.731832629167705,-10.91669040311293,-11.326240348137372,-10.869048773761422,-10.749697632029273,-11.563495905460481,-11.13592577202527,-11.69485250817212,-11.82496695820922,-11.865193860167125,-11.806817840115558,-11.808205139176327,-11.679589707301366,-12.042776405209615,-11.802628865726055,-12.009891340277852,-12.730487790589143,-12.13551162323033,-12.05228548084066
-11.209088856516923,-11.592718760138519,-11.874043507151212,-10.968098967384629,-11.437134878416101,-10.844983865622387,-10.805119121531265,-11.646001230494495,-11.168348864863844,-11.875828589187684,-11.931346808105415,-11.857020071201877,-11.84800014356366,-11.897841679074325,-11.713391583434023,-12.146620711883331,-11.903966193695473,-12.08481823925075,-12.826782685543245,-12.150986268079604,-12.09140375649872
-11.398874674056781,-11.763432072490506,-11.949072558644337,-11.035352419667145,-11.531710914148855,-10.834679859128643,-10.828218598039248,-11.685888439526499,-11.193297230363385,-12.0361017690106,-12.01029193514509,-11.829468477058743,-11.872021949647573,-11.968132767143677,-11.732258000341481,-12.181995352577218,-11.988800281848484,-12.164054456072261,-12.915725815603357,-12.106397684369329,-12.128920637291513
-11.582789638004556,-11.870772222567927,-11.970529109352075,-11.116704576871706,-11.602660347782924,-10.851251114198341,-10.820859850090692,-11.677067053329745,-11.203216809488067,-12.16101033620009,-12.050744411366646,-11.792670031719913,-11.885398070248272,-12.016849336297168,-11.735043079713792,-12.174195234273919,-12.040362184301836,-12.242673486657566,-12.995659911277984,-12.026804709735993,-12.161188146080672
-11.757751820915889,-11.916007711237754,-11.965913768835701,-11.211889963429794,-11.646829350033537,-10.89251616126143,-10.807269590053162,-11.635230502069705,-11.206689761804611,-12.25144295178305,-12.048350140492218,-11.761052996431046,-11.888954632374714,-12.041891395469497,-11.72378587880899,-12.156871188959926,-12.051610334058152,-12.316463397378463,-13.063984293366806,-11.944291434142364,-12.194025696065571
-11.920958444439245,-11.922752106136798,-11.96485484898901,-11.322974821245019,-11.665336935116729,-10.955134924147027,-10.8056730377371,-11.588498166495617,-11.226953084569415,-12.314053113876849,-12.007205572191648,-11.742655481443524,-11.88656723151375,-12.043540979211066,-11.702040434636809,-12.166320652705146,-12.037848767025638,-12.384559282229102,-13.118165830042267,-11.885247068065375,-12.239725368505228
-12.071492432215685,-11.92290166266447,-11.977126099652224,-11.454538506006681,-11.663106771639317,-11.054497967574738,-10.825903774898274,-11.557863948446172,-11.268219244276501,-12.353493820537084,-11.935880525222622,-11.739989565167422,-11.877929114547213,-12.02978078347513,-11.673883724445414,-12.219853803153889,-12.008837361883757,-12.448538890199329,-13.159314719830963,-11.864698934115877,-12.30026092942597
-12.209058859357183,-11.940583306610627,-12.013240423343596,-11.6070709194587,-11.644806189034027,-11.206480328600618,-10.868742147621345,-11.559712406064119,-11.32870936300127,-12.375669122947643,-11.844826435699023,-11.753784769767297,-11.875542364186584,-12.013897398236102,-11.642291294095513,-12.315990249288223,-11.969679685151888,-12.508591584250823,-13.192879611362603,-11.883817181594576,-12.365612576392458
-12.332075301826453,-11.995047394380604,-12.085534727896633,-11.772903136384318,-11.614433543933256,-11.394666772930252,-10.935484084931598,-11.602819275015074,-11.406291463467971,-12.3802866448908,-11.742892804189582,-11.7814105710105,-11.895044725492967,-12.002480488524501,-11.609327970849103,-12.433036364171432,-11.933525590945024,-12.56281523426964,-13.223246061710139,-11.942034649861002,-12.427232489636573
-12.439430709664226,-12.095081446114722,-12.181930559313631,-11.931541632794948,-11.57742923578964,-11.595351975854236,-11.028298247048001,-11.68629871933858,-11.498914722358357,-12.373152698495188,-11.640819362711703,-11.817771069631217,-11.94591486177549,-11.98192931937778,-11.576178413409146,-12.540564510410075,-11.91611561285823,-12.607788798309318,-13.250550933578396,-12.03777914013371,-12.48271845706739
-12.530171970718428,-12.210660081076389,-12.273439373155723,-12.07030819411914,-11.542203663141995,-11.801180974653471,-11.149773741080178,-11.796901934088675,-11.608514656620653,-12.359858400487386,-11.550704269140901,-11.85157757028486,-12.0240495134702,-11.939927129160607,-11.546232632986305,-12.613153013387427,-11.92400508210413,-12.641844499739777,-13.274049134721022,-12.155921638824173,-12.53680049944322
-12.60258355955161,-12.310149017460054,-12.34098088320318,-12.182193650796401,-11.520481798716492,-11.99516734975952,-11.283981045597201,-11.913060576699284,-11.714263786454136,-12.341716888687989,-11.484806101585278,-11.872030865692514,-12.116546494943725,-11.873414367929165,-11.522626852611626,-12.63054105508845,-11.950737527266803,-12.663212521791998,-13.289320661816264,-12.279951820516967,-12.599416901185894
-12.65398368750466,-12.37228517132375,-12.356766154191309,-12.26386999626131,-11.523678404526809,-12.1599468255456,-11.39777762454239,-12.016517632576583,-11.787945912856125,-12.315559977631423,-11.454097685698393,-11.876273534953881,-12.217881198429644,-11.786291514272765,-11.508797229255743,-12.588355385684228,-11.983442956479577,-12.668497537357254,-13.289797485805767,-12.40077976907384,-12.67976512229498
-12.682233156087412,-12.38064472201716,-12.308007837278254,-12.316620826619872,-11.561438431824046,-12.278603926256212,-11.465855197538025,-12.099845435153581,-11.80718941564017,-12.279503963957746,-11.462476644484106,-11.865155930390445,-12.324005240447924,-11.688113891756682,-11.508177047444633,-12.500355483671779,-12.005401847142311,-12.654466020691824,-13.269373832084295,-12.511369668403313,-12.779526816568445
-12.686111997254962,-12.31986749771788,-12.200361617199693,-12.343723674911878,-11.635721044708227,-12.328832688086198,-11.478522346015408,-12.158371665509168,-11.766319594559256,-12.23310474530806,-11.503588336948301,-11.837455930646076,-12.41177858084304,-11.593134131326808,-11.521716037680715,-12.38681443661508,-12.007980063265803,-12.61772980234567,-13.225533216972549,-12.601968718144771,-12.892258251346455
-12.665525479839483,-12.19348277944079,-12.052772332277947,-12.352029202054702,-11.7384250903382,-12.307571939438663,-11.43792835762936,-12.18922485135557,-11.679051408536704,-12.176511615010535,-11.568806574519366,-11.798684548262761,-12.462594010170314,-11.513815462364288,-11.552064533024362,-12.261644482051281,-11.991543975456866,-12.558571310094615,-13.160171605331062,-12.65844437318897,-13.002212108951158
-12.621717634678953,-12.030702055984843,-11.89042291867751,-12.351316650489359,-11.86139714716893,-12.234949663434776,-11.36325948998736,-12.193268210648508,-11.574512021245155,-12.109630092037868,-11.654641889383141,-11.75485349199582,-12.46332801007881,-11.464246618732709,-11.60365055133868,-12.139037880839938,-11.9513309516827,-12.482166908307573,-13.076152200237932,-12.667065989738186,-13.089610240857562
-12.556844630170454,-11.867906379253652,-11.742551343498995,-12.350188623986163,-11.999607705578063,-12.150467535488563,-11.278086308790344,-12.17540798455629,-11.484516134930297,-12.034369534706906,-11.75984969182072,-11.713814320771736,-12.412693105636826,-11.448340721287304,-11.67730341457185,-12.027930425455045,-11.889196353305318,-12.39876942715401,-12.982559472535645,-12.62200801594889,-13.141131408684174
-12.47456610496244,-11.742199077415965,-11.628857600699874,-12.357556924428001,-12.150691321865088,-12.093743044999,-11.205549099787131,-12.140429630704904,-11.433134929384192,-11.957298545422747,-11.883112906893796,-11.68443136543822,-12.323860718174263,-11.466126663446847,-11.771025269839718,-11.936816491505102,-11.81363489544617,-12.322021839898337,-12.889402124985054,-12.524593291629401,-13.152193409943918
-12.37951807950691,-11.67447102364334,-11.566165842593087,-12.381177213447687,-12.313491396327269,-12.063792866959938,-11.16532651119209,-12.089954514307562,-11.425635849717985,-11.890301464616478,-12.01759929237832,-11.673134769201843,-12.215790217883033,-11.513886645483243,-11.880595788641049,-11.888331691003955,-11.738694659831866,-12.261320765704086,-12.802535863389638,-12.393553423526066,-13.125519035203096
-12.278158849264095,-11.654635612403474,-11.56097601875312,-12.425493774934576,-12.491598711923423,-12.058913987337336,-11.168386773957902,-12.03184037311705,-11.470187500006903,-11.837584127007242,-12.154064280001746,-11.688220008251545,-12.112573554329552,-11.581964503024398,-12.00123488914406,-11.897354783416983,-11.675925954746875,-12.21858047573592,-12.727882360131153,-12.255982828609367,-13.067529857500169
-12.176712110923344,-11.669593487932598,-11.612776060076696,-12.493465207181805,-12.687655155016087,-12.088950642356384,-11.220851312953815,-11.977923584081061,-11.572923461134167,-11.803216856626673,-12.288717227570704,-11.739104599129272,-12.039183810148948,-11.66907914334097,-12.129075407151927,-11.950434668682014,-11.629775406184754,-12.195236303276008,-12.67280434392282,-12.144486873292303,-12.98911335488611
-12.079466556804725,-11.7158458321259,-11.720444077690397,-12.58508354867582,-12.898097394788712,-12.161380897127168,-11.330579101401943,-11.947222783192688,-11.71572642761036,-11.792095364919188,-12.425548935586141,-11.833214618767933,-12.012203897142843,-11.779825034468653,-12.261007856343914,-12.017983712259646,-11.613690543838285,-12.193308537783649,-12.639408626110168,-12.121123680806841,-12.9071160786914
-11.988072635577469,-11.806341312891279,-11.88056106351884,-12.697606389416473,-13.116326881211272,-12.272428322175715,-11.491970800929828,-11.957830524957403,-11.887087239316239,-11.803745854597654,-12.56878514036134,-11.971203436246434,-12.034634255358824,-11.922608021557895,-12.393797106755018,-12.067923591624691,-11.628948665086845,-12.207467371024888,-12.620593606072278,-12.18739977422651,-12.841843613723961
-11.904496265459235,-11.940412237520421,-12.0748707033568,-12.828903079085384,-13.337745656255871,-12.412622265202598,-11.690202768744106,-12.004152091009287,-12.07917229306894,-11.830348795495333,-12.72149007392151,-12.149283218012632,-12.098872842110435,-12.094776912333959,-12.525341711271006,-12.094051360476785,-11.664061652818349,-12.22998028643858,-12.610253403172898,-12.282282729372778,-12.803379137215137
-11.830999815174648,-12.105441157954168,-12.280313681198022,-12.975643213613594,-13.559734239184467,-12.57726241233222,-11.91021442693782,-12.076623742824017,-12.281159186538794,-11.867672709708103,-12.883634253207614,-12.357338961703048,-12.188859606242179,-12.28385045658052,-12.65475508987359,-12.116841534328596,-11.717631691325069,-12.258190448505042,-12.60449131756535,-12.377007643621871,-12.793806320139469
-11.76598251733195,-12.285398344882978,-12.482861380961792,-13.133645562481442,-13.781776638275865,-12.762742177946398,-12.141146982695181,-12.166972876811792,-12.486161286056161,-11.913118291847072,-13.053291051254847,-12.581586472590343,-12.288726149967978,-12.482276018157703,-12.783578010852484,-12.140054762127896,-11.78962768561773,-12.290620675449453,-12.600250998475973,-12.463442218852403,-12.808986990792667
-11.705150067787004,-12.470702201814243,-12.681041660028919,-13.297395157936425,-14.00467192882539,-12.95697872937664,-12.372973373530446,-12.267157710224629,-12.692026229529423,-11.962690449521807,-13.228021251425751,-12.810721033899927,-12.388804486526984,-12.684202011628477,-12.912412829543458,-12.154095312115889,-11.867001218783349,-12.324127050494717,-12.598386882464395,-12.539213464161374,-12.838077560899695
-11.64544022132602,-12.656213791129938,-12.87983978500018,-13.46256574878868,-14.228321370446439,-13.148419638377515,-12.601970786837152,-12.370085185143989,-12.898102886087395,-12.01027535427163,-13.404921195224498,-13.04004815912646,-12.488113629144989,-12.88680880328857,-13.041228581337128,-12.167881228738077,-11.937923702769192,-12.356688680095369,-12.599868197660877,-12.608393349776804,-12.872501059582497
-11.585891480266433,-12.841210790905686,-13.080041993804892,-13.627947693678905,-14.452074374103,-13.338589887857959,-12.829955535332624,-12.472751127977393,-13.103180715911957,-12.056446522604972,-13.58206808584186,-13.26918070380449,-12.586760478958105,-13.089635184603951,-13.170081979071757,-12.182744746528467,-12.006600720447961,-12.389067614960853,-12.602185135955683,-12.675968522994005,-12.907692968041184
-11.526343217442397,-13.026207592204011,-13.280249350292141,-13.793329962999994,-14.675827524668577,-13.528760272801486,-13.05793854453925,-12.575416419416987,-13.308255465495103,-12.102618355287255,-13.759215104815587,-13.498312907937564,-12.685407705708553,-13.292461664468076,-13.298935657474875,-12.19761088145576,-12.075275626411003,-12.421446726582602,-12.604503179196787,-12.743542647819963,-12.942886250964294
